INSERT INTO Usuario (ID_Usuario, Login, Senha) VALUES (4, 'alice', 'alice123');
INSERT INTO Usuario (ID_Usuario, Login, Senha) VALUES (5, 'bob', 'bob456');
INSERT INTO Usuario (ID_Usuario, Login, Senha) VALUES (6, 'charlie', 'charlie789');
INSERT INTO Usuario (ID_Usuario, Login, Senha) VALUES (7, 'diana', 'diana!@#');
INSERT INTO Usuario (ID_Usuario, Login, Senha) VALUES (8, 'eva', 'eva999');
INSERT INTO Usuario (ID_Usuario, Login, Senha) VALUES (9, 'frank', 'frank777');
INSERT INTO Usuario (ID_Usuario, Login, Senha) VALUES (10, 'grace', 'grace2020');
INSERT INTO Usuario (ID_Usuario, Login, Senha) VALUES (11, 'harry', 'harrypotter');
INSERT INTO Usuario (ID_Usuario, Login, Senha) VALUES (12, 'irene', 'irene567');
INSERT INTO Usuario (ID_Usuario, Login, Senha) VALUES (13, 'jason', 'jasonxyz');
INSERT INTO Usuario (ID_Usuario, Login, Senha) VALUES (14, 'karen', 'karen123');
INSERT INTO Usuario (ID_Usuario, Login, Senha) VALUES (15, 'lucas', 'lucas456');
INSERT INTO Usuario (ID_Usuario, Login, Senha) VALUES (16, 'megan', 'megan777');
INSERT INTO Usuario (ID_Usuario, Login, Senha) VALUES (17, 'nathan', 'nathan999');
INSERT INTO Usuario (ID_Usuario, Login, Senha) VALUES (18, 'olivia', 'olivia2020');
INSERT INTO Usuario (ID_Usuario, Login, Senha) VALUES (19, 'peter', 'peterpan');
INSERT INTO Usuario (ID_Usuario, Login, Senha) VALUES (20, 'quinn', 'quinn567');
INSERT INTO Usuario (ID_Usuario, Login, Senha) VALUES (21, 'rachel', 'rachel123');
INSERT INTO Usuario (ID_Usuario, Login, Senha) VALUES (22, 'steve', 'steve456');
INSERT INTO Usuario (ID_Usuario, Login, Senha) VALUES (23, 'tina', 'tina!@#');


INSERT INTO Produto (ID_Produto, Nome, Quantidade, PrecoVenda) VALUES (2, 'Maçã', 200, 3.00);
INSERT INTO Produto (ID_Produto, Nome, Quantidade, PrecoVenda) VALUES (5, 'Abacaxi', 300, 6.00);
INSERT INTO Produto (ID_Produto, Nome, Quantidade, PrecoVenda) VALUES (6, 'Morango', 150, 7.00);
INSERT INTO Produto (ID_Produto, Nome, Quantidade, PrecoVenda) VALUES (7, 'Uva', 400, 8.00);
INSERT INTO Produto (ID_Produto, Nome, Quantidade, PrecoVenda) VALUES (8, 'Pêra', 250, 4.50);
INSERT INTO Produto (ID_Produto, Nome, Quantidade, PrecoVenda) VALUES (9, 'Kiwi', 180, 5.50);
INSERT INTO Produto (ID_Produto, Nome, Quantidade, PrecoVenda) VALUES (10, 'Melancia', 1000, 10.00);
INSERT INTO Produto (ID_Produto, Nome, Quantidade, PrecoVenda) VALUES (11, 'Melão', 700, 6.50);
INSERT INTO Produto (ID_Produto, Nome, Quantidade, PrecoVenda) VALUES (12, 'Coco', 300, 5.00);
INSERT INTO Produto (ID_Produto, Nome, Quantidade, PrecoVenda) VALUES (13, 'Pêssego', 120, 4.00);
INSERT INTO Produto (ID_Produto, Nome, Quantidade, PrecoVenda) VALUES (14, 'Ameixa', 80, 3.50);
INSERT INTO Produto (ID_Produto, Nome, Quantidade, PrecoVenda) VALUES (15, 'Limão', 400, 2.50);
INSERT INTO Produto (ID_Produto, Nome, Quantidade, PrecoVenda) VALUES (16, 'Pitaya', 50, 9.00);
INSERT INTO Produto (ID_Produto, Nome, Quantidade, PrecoVenda) VALUES (17, 'Cereja', 100, 8.50);
INSERT INTO Produto (ID_Produto, Nome, Quantidade, PrecoVenda) VALUES (18, 'Goiaba', 200, 3.50);
INSERT INTO Produto (ID_Produto, Nome, Quantidade, PrecoVenda) VALUES (19, 'Açaí', 300, 12.00);
INSERT INTO Produto (ID_Produto, Nome, Quantidade, PrecoVenda) VALUES (20, 'Jabuticaba', 150, 5.50);


INSERT INTO Pessoa (Nome, Telefone, Logradouro, Cidade, Estado, Email) VALUES ('Maria', '2222-2222', 'Rua 2, Bairro', 'Cidade A', 'MG', 'maria@exemplo.com');
INSERT INTO Pessoa (Nome, Telefone, Logradouro, Cidade, Estado, Email) VALUES ('Pedro', '3333-3333', 'Rua 3, Bairro', 'Cidade B', 'RJ', 'pedro@exemplo.com');
INSERT INTO Pessoa (Nome, Telefone, Logradouro, Cidade, Estado, Email) VALUES ('João', '3333-3333', 'Avenida 5, Centro', 'Cidade B', 'SP', 'joao@exemplo.com');
INSERT INTO Pessoa (Nome, Telefone, Logradouro, Cidade, Estado, Email) VALUES ('Ana', '4444-4444', 'Rua 7, Bairro Novo', 'Cidade C', 'RJ', 'ana@exemplo.com');
INSERT INTO Pessoa (Nome, Telefone, Logradouro, Cidade, Estado, Email) VALUES ('Lucas', '5555-5555', 'Rua 10, Vila Feliz', 'Cidade D', 'RS', 'lucas@exemplo.com');
INSERT INTO Pessoa (Nome, Telefone, Logradouro, Cidade, Estado, Email) VALUES ('Carla', '6666-6666', 'Avenida 12, Loteamento', 'Cidade E', 'BA', 'carla@exemplo.com');
INSERT INTO Pessoa (Nome, Telefone, Logradouro, Cidade, Estado, Email) VALUES ('Fernanda', '7777-7777', 'Rua 15, Parque', 'Cidade F', 'PR', 'fernanda@exemplo.com');
INSERT INTO Pessoa (Nome, Telefone, Logradouro, Cidade, Estado, Email) VALUES ('Rafael', '8888-8888', 'Avenida 20, Centro', 'Cidade G', 'SC', 'rafael@exemplo.com');
INSERT INTO Pessoa (Nome, Telefone, Logradouro, Cidade, Estado, Email) VALUES ('Mariana', '9999-9999', 'Rua 25, Jardim', 'Cidade H', 'ES', 'mariana@exemplo.com');
INSERT INTO PessoaFisica (ID_Pessoa, CPF) VALUES ((SELECT ID_Pessoa FROM Pessoa WHERE Nome = 'João'), '33333333333');
INSERT INTO PessoaFisica (ID_Pessoa, CPF) VALUES ((SELECT ID_Pessoa FROM Pessoa WHERE Nome = 'Ana'), '44444444444');
INSERT INTO PessoaFisica (ID_Pessoa, CPF) VALUES ((SELECT ID_Pessoa FROM Pessoa WHERE Nome = 'Lucas'), '55555555555');
INSERT INTO PessoaFisica (ID_Pessoa, CPF) VALUES ((SELECT ID_Pessoa FROM Pessoa WHERE Nome = 'Carla'), '66666666666');
INSERT INTO PessoaFisica (ID_Pessoa, CPF) VALUES ((SELECT ID_Pessoa FROM Pessoa WHERE Nome = 'Fernanda'), '77777777777');
INSERT INTO PessoaFisica (ID_Pessoa, CPF) VALUES ((SELECT ID_Pessoa FROM Pessoa WHERE Nome = 'Rafael'), '88888888888');
INSERT INTO PessoaFisica (ID_Pessoa, CPF) VALUES ((SELECT ID_Pessoa FROM Pessoa WHERE Nome = 'Mariana'), '99999999999');
INSERT INTO PessoaFisica (ID_Pessoa, CPF) VALUES ((SELECT ID_Pessoa FROM Pessoa WHERE Nome = 'Pedro'), '22222222222');
INSERT INTO PessoaFisica (ID_Pessoa, CPF) VALUES ((SELECT ID_Pessoa FROM Pessoa WHERE Nome = 'Maria'), '22222212222');


INSERT INTO Pessoa (Nome, Telefone, Logradouro, Cidade, Estado, Email) VALUES ('Empresa ABC', '3333-3333', 'Avenida 5, Centro', 'Cidade B', 'SP', 'empresaabc@exemplo.com');
INSERT INTO Pessoa (Nome, Telefone, Logradouro, Cidade, Estado, Email) VALUES ('Corporação XYZ', '4444-4444', 'Rua 7, Bairro Novo', 'Cidade C', 'RJ', 'corporacaoxyz@exemplo.com');
INSERT INTO Pessoa (Nome, Telefone, Logradouro, Cidade, Estado, Email) VALUES ('Firma Ltda.', '5555-5555', 'Rua 10, Vila Feliz', 'Cidade D', 'RS', 'firmaltda@exemplo.com');
INSERT INTO Pessoa (Nome, Telefone, Logradouro, Cidade, Estado, Email) VALUES ('Comércio LTDA', '6666-6666', 'Avenida 12, Loteamento', 'Cidade E', 'BA', 'comercioltda@exemplo.com');
INSERT INTO Pessoa (Nome, Telefone, Logradouro, Cidade, Estado, Email) VALUES ('Incorporadora S/A', '7777-7777', 'Rua 15, Parque', 'Cidade F', 'PR', 'incorporadora@exemplo.com');
INSERT INTO Pessoa (Nome, Telefone, Logradouro, Cidade, Estado, Email) VALUES ('Consultoria & Cia.', '8888-8888', 'Avenida 20, Centro', 'Cidade G', 'SC', 'consultoria@exemplo.com');
INSERT INTO Pessoa (Nome, Telefone, Logradouro, Cidade, Estado, Email) VALUES ('Sociedade Ltda.', '9999-9999', 'Rua 25, Jardim', 'Cidade H', 'ES', 'sociedade@exemplo.com');
INSERT INTO PessoaJuridica (ID_Pessoa, CNPJ) VALUES ((SELECT ID_Pessoa FROM Pessoa WHERE Nome = 'Empresa ABC'), '11111111111111');
INSERT INTO PessoaJuridica (ID_Pessoa, CNPJ) VALUES ((SELECT ID_Pessoa FROM Pessoa WHERE Nome = 'Corporação XYZ'), '22222221222222');
INSERT INTO PessoaJuridica (ID_Pessoa, CNPJ) VALUES ((SELECT ID_Pessoa FROM Pessoa WHERE Nome = 'Firma Ltda.'), '44444444444444');
INSERT INTO PessoaJuridica (ID_Pessoa, CNPJ) VALUES ((SELECT ID_Pessoa FROM Pessoa WHERE Nome = 'Comércio LTDA'), '55555555555555');
INSERT INTO PessoaJuridica (ID_Pessoa, CNPJ) VALUES ((SELECT ID_Pessoa FROM Pessoa WHERE Nome = 'Incorporadora S/A'), '66666666666666');
INSERT INTO PessoaJuridica (ID_Pessoa, CNPJ) VALUES ((SELECT ID_Pessoa FROM Pessoa WHERE Nome = 'Consultoria & Cia.'), '77777777777777');
INSERT INTO PessoaJuridica (ID_Pessoa, CNPJ) VALUES ((SELECT ID_Pessoa FROM Pessoa WHERE Nome = 'Sociedade Ltda.'), '88888888888888');


INSERT INTO Movimento (ID_Produto, ID_Usuario, ID_Pessoa, TipoMovimento, Quantidade, PrecoUnitario) VALUES (5, 4, (SELECT ID_Pessoa FROM Pessoa WHERE Nome = 'Maria'), 'V', 30, (SELECT PrecoVenda FROM Produto WHERE ID_Produto = 5));
INSERT INTO Movimento (ID_Produto, ID_Usuario, ID_Pessoa, TipoMovimento, Quantidade, PrecoUnitario) VALUES (6, 5, (SELECT ID_Pessoa FROM Pessoa WHERE Nome = 'Pedro'), 'C', 20, (SELECT PrecoVenda FROM Produto WHERE ID_Produto = 6));
INSERT INTO Movimento (ID_Produto, ID_Usuario, ID_Pessoa, TipoMovimento, Quantidade, PrecoUnitario) VALUES (7, 6, (SELECT ID_Pessoa FROM Pessoa WHERE Nome = 'Maria'), 'V', 10, (SELECT PrecoVenda FROM Produto WHERE ID_Produto = 7));
INSERT INTO Movimento (ID_Produto, ID_Usuario, ID_Pessoa, TipoMovimento, Quantidade, PrecoUnitario) VALUES (8, 7, (SELECT ID_Pessoa FROM Pessoa WHERE Nome = 'João'), 'V', 15, (SELECT PrecoVenda FROM Produto WHERE ID_Produto = 8));
INSERT INTO Movimento (ID_Produto, ID_Usuario, ID_Pessoa, TipoMovimento, Quantidade, PrecoUnitario) VALUES (9, 8, (SELECT ID_Pessoa FROM Pessoa WHERE Nome = 'Ana'), 'V', 25, (SELECT PrecoVenda FROM Produto WHERE ID_Produto = 9));
INSERT INTO Movimento (ID_Produto, ID_Usuario, ID_Pessoa, TipoMovimento, Quantidade, PrecoUnitario) VALUES (10, 9, (SELECT ID_Pessoa FROM Pessoa WHERE Nome = 'Lucas'), 'V', 5, (SELECT PrecoVenda FROM Produto WHERE ID_Produto = 10));
INSERT INTO Movimento (ID_Produto, ID_Usuario, ID_Pessoa, TipoMovimento, Quantidade, PrecoUnitario) VALUES (11, 10, (SELECT ID_Pessoa FROM Pessoa WHERE Nome = 'Carla'), 'V', 18, (SELECT PrecoVenda FROM Produto WHERE ID_Produto = 11));
INSERT INTO Movimento (ID_Produto, ID_Usuario, ID_Pessoa, TipoMovimento, Quantidade, PrecoUnitario) VALUES (12, 11, (SELECT ID_Pessoa FROM Pessoa WHERE Nome = 'Fernanda'), 'V', 22, (SELECT PrecoVenda FROM Produto WHERE ID_Produto = 12));
INSERT INTO Movimento (ID_Produto, ID_Usuario, ID_Pessoa, TipoMovimento, Quantidade, PrecoUnitario) VALUES (13, 12, (SELECT ID_Pessoa FROM Pessoa WHERE Nome = 'Rafael'), 'C', 8, (SELECT PrecoVenda FROM Produto WHERE ID_Produto = 13));
INSERT INTO Movimento (ID_Produto, ID_Usuario, ID_Pessoa, TipoMovimento, Quantidade, PrecoUnitario) VALUES (14, 13, (SELECT ID_Pessoa FROM Pessoa WHERE Nome = 'Mariana'), 'C', 12, (SELECT PrecoVenda FROM Produto WHERE ID_Produto = 14));
INSERT INTO Movimento (ID_Produto, ID_Usuario, ID_Pessoa, TipoMovimento, Quantidade, PrecoUnitario) VALUES (15, 14, (SELECT ID_Pessoa FROM Pessoa WHERE Nome = 'Empresa ABC'), 'C', 30, (SELECT PrecoVenda FROM Produto WHERE ID_Produto = 15));
INSERT INTO Movimento (ID_Produto, ID_Usuario, ID_Pessoa, TipoMovimento, Quantidade, PrecoUnitario) VALUES (16, 15, (SELECT ID_Pessoa FROM Pessoa WHERE Nome = 'Corporação XYZ'), 'C', 20, (SELECT PrecoVenda FROM Produto WHERE ID_Produto = 16));
INSERT INTO Movimento (ID_Produto, ID_Usuario, ID_Pessoa, TipoMovimento, Quantidade, PrecoUnitario) VALUES (17, 16, (SELECT ID_Pessoa FROM Pessoa WHERE Nome = 'Firma Ltda.'), 'C', 25, (SELECT PrecoVenda FROM Produto WHERE ID_Produto = 17));
INSERT INTO Movimento (ID_Produto, ID_Usuario, ID_Pessoa, TipoMovimento, Quantidade, PrecoUnitario) VALUES (18, 17, (SELECT ID_Pessoa FROM Pessoa WHERE Nome = 'Consultoria & Cia.'), 'V', 10, (SELECT PrecoVenda FROM Produto WHERE ID_Produto = 18));
INSERT INTO Movimento (ID_Produto, ID_Usuario, ID_Pessoa, TipoMovimento, Quantidade, PrecoUnitario) VALUES (19, 18, (SELECT ID_Pessoa FROM Pessoa WHERE Nome = 'Sociedade Ltda.'), 'V', 14, (SELECT PrecoVenda FROM Produto WHERE ID_Produto = 19));
INSERT INTO Movimento (ID_Produto, ID_Usuario, ID_Pessoa, TipoMovimento, Quantidade, PrecoUnitario) VALUES (20, 19, (SELECT ID_Pessoa FROM Pessoa WHERE Nome = 'Maria'), 'V', 7, (SELECT PrecoVenda FROM Produto WHERE ID_Produto = 20));
INSERT INTO Movimento (ID_Produto, ID_Usuario, ID_Pessoa, TipoMovimento, Quantidade, PrecoUnitario) VALUES (21, 20, (SELECT ID_Pessoa FROM Pessoa WHERE Nome = 'Pedro'), 'V', 18, (SELECT PrecoVenda FROM Produto WHERE ID_Produto = 21));
INSERT INTO Movimento (ID_Produto, ID_Usuario, ID_Pessoa, TipoMovimento, Quantidade, PrecoUnitario) VALUES (18, 17, (SELECT ID_Pessoa FROM Pessoa WHERE Nome = 'Consultoria & Cia.'), 'V', 5, (SELECT PrecoVenda FROM Produto WHERE ID_Produto = 18));
INSERT INTO Movimento (ID_Produto, ID_Usuario, ID_Pessoa, TipoMovimento, Quantidade, PrecoUnitario) VALUES (19, 18, (SELECT ID_Pessoa FROM Pessoa WHERE Nome = 'Sociedade Ltda.'), 'V', 8, (SELECT PrecoVenda FROM Produto WHERE ID_Produto = 19));
INSERT INTO Movimento (ID_Produto, ID_Usuario, ID_Pessoa, TipoMovimento, Quantidade, PrecoUnitario) VALUES (20, 19, (SELECT ID_Pessoa FROM Pessoa WHERE Nome = 'Maria'), 'V', 3, (SELECT PrecoVenda FROM Produto WHERE ID_Produto = 20));
INSERT INTO Movimento (ID_Produto, ID_Usuario, ID_Pessoa, TipoMovimento, Quantidade, PrecoUnitario) VALUES (21, 20, (SELECT ID_Pessoa FROM Pessoa WHERE Nome = 'Pedro'), 'V', 10, (SELECT PrecoVenda FROM Produto WHERE ID_Produto = 21));
INSERT INTO Movimento (ID_Produto, ID_Usuario, ID_Pessoa, TipoMovimento, Quantidade, PrecoUnitario) VALUES (22, 21, (SELECT ID_Pessoa FROM Pessoa WHERE Nome = 'João'), 'V', 7, (SELECT PrecoVenda FROM Produto WHERE ID_Produto = 22));
INSERT INTO Movimento (ID_Produto, ID_Usuario, ID_Pessoa, TipoMovimento, Quantidade, PrecoUnitario) VALUES (13, 22, (SELECT ID_Pessoa FROM Pessoa WHERE Nome = 'Ana'), 'C', 3, (SELECT PrecoVenda FROM Produto WHERE ID_Produto = 13));
INSERT INTO Movimento (ID_Produto, ID_Usuario, ID_Pessoa, TipoMovimento, Quantidade, PrecoUnitario) VALUES (14, 23, (SELECT ID_Pessoa FROM Pessoa WHERE Nome = 'Lucas'), 'C', 5, (SELECT PrecoVenda FROM Produto WHERE ID_Produto = 14));
INSERT INTO Movimento (ID_Produto, ID_Usuario, ID_Pessoa, TipoMovimento, Quantidade, PrecoUnitario) VALUES (15, 24, (SELECT ID_Pessoa FROM Pessoa WHERE Nome = 'Carla'), 'C', 10, (SELECT PrecoVenda FROM Produto WHERE ID_Produto = 15));
INSERT INTO Movimento (ID_Produto, ID_Usuario, ID_Pessoa, TipoMovimento, Quantidade, PrecoUnitario) VALUES (16, 25, (SELECT ID_Pessoa FROM Pessoa WHERE Nome = 'Fernanda'), 'C', 7, (SELECT PrecoVenda FROM Produto WHERE ID_Produto = 16));
INSERT INTO Movimento (ID_Produto, ID_Usuario, ID_Pessoa, TipoMovimento, Quantidade, PrecoUnitario) VALUES (17, 26, (SELECT ID_Pessoa FROM Pessoa WHERE Nome = 'Rafael'), 'C', 12, (SELECT PrecoVenda FROM Produto WHERE ID_Produto = 17));
INSERT INTO Movimento (ID_Produto, ID_Usuario, ID_Pessoa, TipoMovimento, Quantidade, PrecoUnitario) VALUES (4, 4, (SELECT ID_Pessoa FROM Pessoa WHERE Nome = 'Maria'), 'V', 8, (SELECT PrecoVenda FROM Produto WHERE ID_Produto = 4));
INSERT INTO Movimento (ID_Produto, ID_Usuario, ID_Pessoa, TipoMovimento, Quantidade, PrecoUnitario) VALUES (5, 5, (SELECT ID_Pessoa FROM Pessoa WHERE Nome = 'Pedro'), 'V', 12, (SELECT PrecoVenda FROM Produto WHERE ID_Produto = 5));
INSERT INTO Movimento (ID_Produto, ID_Usuario, ID_Pessoa, TipoMovimento, Quantidade, PrecoUnitario) VALUES (6, 6, (SELECT ID_Pessoa FROM Pessoa WHERE Nome = 'Maria'), 'V', 6, (SELECT PrecoVenda FROM Produto WHERE ID_Produto = 6));
INSERT INTO Movimento (ID_Produto, ID_Usuario, ID_Pessoa, TipoMovimento, Quantidade, PrecoUnitario) VALUES (7, 7, (SELECT ID_Pessoa FROM Pessoa WHERE Nome = 'Pedro'), 'V', 10, (SELECT PrecoVenda FROM Produto WHERE ID_Produto = 7));
INSERT INTO Movimento (ID_Produto, ID_Usuario, ID_Pessoa, TipoMovimento, Quantidade, PrecoUnitario) VALUES (8, 8, (SELECT ID_Pessoa FROM Pessoa WHERE Nome = 'Maria'), 'V', 5, (SELECT PrecoVenda FROM Produto WHERE ID_Produto = 8));
INSERT INTO Movimento (ID_Produto, ID_Usuario, ID_Pessoa, TipoMovimento, Quantidade, PrecoUnitario) VALUES (9, 9, (SELECT ID_Pessoa FROM Pessoa WHERE Nome = 'Pedro'), 'C', 4, (SELECT PrecoVenda FROM Produto WHERE ID_Produto = 9));
INSERT INTO Movimento (ID_Produto, ID_Usuario, ID_Pessoa, TipoMovimento, Quantidade, PrecoUnitario) VALUES (10, 10, (SELECT ID_Pessoa FROM Pessoa WHERE Nome = 'Maria'), 'C', 8, (SELECT PrecoVenda FROM Produto WHERE ID_Produto = 10));
INSERT INTO Movimento (ID_Produto, ID_Usuario, ID_Pessoa, TipoMovimento, Quantidade, PrecoUnitario) VALUES (11, 11, (SELECT ID_Pessoa FROM Pessoa WHERE Nome = 'Pedro'), 'C', 6, (SELECT PrecoVenda FROM Produto WHERE ID_Produto = 11));
INSERT INTO Movimento (ID_Produto, ID_Usuario, ID_Pessoa, TipoMovimento, Quantidade, PrecoUnitario) VALUES (12, 12, (SELECT ID_Pessoa FROM Pessoa WHERE Nome = 'Maria'), 'C', 9, (SELECT PrecoVenda FROM Produto WHERE ID_Produto = 12));
INSERT INTO Movimento (ID_Produto, ID_Usuario, ID_Pessoa, TipoMovimento, Quantidade, PrecoUnitario) VALUES (4, 4, (SELECT ID_Pessoa FROM Pessoa WHERE Nome = 'Pedro'), 'C', 7, (SELECT PrecoVenda FROM Produto WHERE ID_Produto = 4));
INSERT INTO Movimento (ID_Produto, ID_Usuario, ID_Pessoa, TipoMovimento, Quantidade, PrecoUnitario) VALUES (9, 9, (SELECT ID_Pessoa FROM Pessoa WHERE Nome = 'Rafael'), 'C', 3, (SELECT PrecoVenda FROM Produto WHERE ID_Produto = 9));
INSERT INTO Movimento (ID_Produto, ID_Usuario, ID_Pessoa, TipoMovimento, Quantidade, PrecoUnitario) VALUES (10, 10, (SELECT ID_Pessoa FROM Pessoa WHERE Nome = 'Mariana'), 'C', 8, (SELECT PrecoVenda FROM Produto WHERE ID_Produto = 10));
INSERT INTO Movimento (ID_Produto, ID_Usuario, ID_Pessoa, TipoMovimento, Quantidade, PrecoUnitario) VALUES (11, 11, (SELECT ID_Pessoa FROM Pessoa WHERE Nome = 'Empresa ABC'), 'C', 6, (SELECT PrecoVenda FROM Produto WHERE ID_Produto = 11));
INSERT INTO Movimento (ID_Produto, ID_Usuario, ID_Pessoa, TipoMovimento, Quantidade, PrecoUnitario) VALUES (12, 12, (SELECT ID_Pessoa FROM Pessoa WHERE Nome = 'Corporação XYZ'), 'C', 9, (SELECT PrecoVenda FROM Produto WHERE ID_Produto = 12));
INSERT INTO Movimento (ID_Produto, ID_Usuario, ID_Pessoa, TipoMovimento, Quantidade, PrecoUnitario) VALUES (4, 4, (SELECT ID_Pessoa FROM Pessoa WHERE Nome = 'Firma Ltda.'), 'C', 7, (SELECT PrecoVenda FROM Produto WHERE ID_Produto = 4));
INSERT INTO Movimento (ID_Produto, ID_Usuario, ID_Pessoa, TipoMovimento, Quantidade, PrecoUnitario) VALUES (4, 4, (SELECT ID_Pessoa FROM Pessoa WHERE Nome = 'João'), 'V', 6, (SELECT PrecoVenda FROM Produto WHERE ID_Produto = 4));
INSERT INTO Movimento (ID_Produto, ID_Usuario, ID_Pessoa, TipoMovimento, Quantidade, PrecoUnitario) VALUES (5, 5, (SELECT ID_Pessoa FROM Pessoa WHERE Nome = 'Ana'), 'V', 9, (SELECT PrecoVenda FROM Produto WHERE ID_Produto = 5));
INSERT INTO Movimento (ID_Produto, ID_Usuario, ID_Pessoa, TipoMovimento, Quantidade, PrecoUnitario) VALUES (6, 6, (SELECT ID_Pessoa FROM Pessoa WHERE Nome = 'Lucas'), 'V', 5, (SELECT PrecoVenda FROM Produto WHERE ID_Produto = 6));
INSERT INTO Movimento (ID_Produto, ID_Usuario, ID_Pessoa, TipoMovimento, Quantidade, PrecoUnitario) VALUES (7, 7, (SELECT ID_Pessoa FROM Pessoa WHERE Nome = 'Carla'), 'V', 7, (SELECT PrecoVenda FROM Produto WHERE ID_Produto = 7));
INSERT INTO Movimento (ID_Produto, ID_Usuario, ID_Pessoa, TipoMovimento, Quantidade, PrecoUnitario) VALUES (8, 8, (SELECT ID_Pessoa FROM Pessoa WHERE Nome = 'Fernanda'), 'V', 4, (SELECT PrecoVenda FROM Produto WHERE ID_Produto = 8));
